decision,source_checkout,source_path,file_type,sha256,size_bytes,source_state,intended_owner,reason,catalog_identity,dependency_relationship,classification,canonical_checksum
reviewed-subset,primary-dirty@ea5539f3372e1bad5ad05eba85f4bd9a53e8c868,.cad-project/models.toml,toml,26d1ebd0e818829731dde58f6b7b536d90dbbb1c39b654576441ad417fb76ab7,21666,modified,.cad-project/models.toml,dirty catalog investigated; only selected model/experiment records will be reconstructed,supporting active-enclosure lineage,catalog identity and lifecycle map,documentation,no
selected-promote,primary-dirty@ea5539f3372e1bad5ad05eba85f4bd9a53e8c868,build/sand_cube_190x210_internal_squat_absorber_rear_corners/diagnostics.json,JSON,dce0dcd3452ee8a98cea69073a52b3c3a299e42ec1a0e5bd716197cbf27af913,51330,ignored-derived,workbench/designs/canonical_working_set/acoustics/bass_reflex_tube/reference_evidence/diagnostics.json,portable immutable evidence selected by canonical working set,exp-190x210-rear-corners,hash-bound evidence for acoustics/bass_reflex_tube,derived evidence,yes:acoustics/bass_reflex_tube/links/route_diagnostics.json:dce0dcd3452ee8a98cea69073a52b3c3a299e42ec1a0e5bd716197cbf27af913
selected-promote,primary-dirty@ea5539f3372e1bad5ad05eba85f4bd9a53e8c868,build/sand_cube_190x210_internal_squat_absorber_rear_corners_parabolic_side_g1_lightweight_coherent_closure/centered_captive_nut_assembled.step,STEP,4595684887c4fb239dd8fefaeb7307a797c3673281df19f3d709b659b3440bf2,13810764,ignored-derived,workbench/designs/canonical_working_set/enclosures/integral_front_bottom_hatch/reference_evidence/centered_captive_nut_assembled.step,portable immutable evidence selected by canonical working set,exp-190x210-lightweight-coherent-closure,hash-bound evidence for enclosures/integral_front_bottom_hatch,derived evidence,yes:enclosures/integral_front_bottom_hatch/links/full_perimeter_assembled.step:4595684887c4fb239dd8fefaeb7307a797c3673281df19f3d709b659b3440bf2
selected-promote,primary-dirty@ea5539f3372e1bad5ad05eba85f4bd9a53e8c868,build/sand_cube_190x210_internal_squat_absorber_rear_corners_parabolic_side_g1_lightweight_coherent_closure/centered_captive_nut_baffle.step,STEP,1dd518458c8fed6792c4acd91f0717b353288c18e49c5b1c6ba31f2c9cc6af03,8687475,ignored-derived,workbench/designs/canonical_working_set/enclosures/integral_front_bottom_hatch/reference_evidence/centered_captive_nut_baffle.step,portable immutable evidence selected by canonical working set,exp-190x210-lightweight-coherent-closure,hash-bound evidence for enclosures/integral_front_bottom_hatch,derived evidence,yes:enclosures/integral_front_bottom_hatch/links/full_perimeter_baffle.step:1dd518458c8fed6792c4acd91f0717b353288c18e49c5b1c6ba31f2c9cc6af03
selected-promote,primary-dirty@ea5539f3372e1bad5ad05eba85f4bd9a53e8c868,build/sand_cube_190x210_internal_squat_absorber_rear_corners_parabolic_side_g1_lightweight_coherent_closure/centered_captive_nut_bucket.step,STEP,39e6b2d95317d2348afd992ceda2e98d16a383820a3846737e21228ef1c41486,4583193,ignored-derived,workbench/designs/canonical_working_set/enclosures/integral_front_bottom_hatch/reference_evidence/centered_captive_nut_bucket.step,portable immutable evidence selected by canonical working set,exp-190x210-lightweight-coherent-closure,hash-bound evidence for enclosures/integral_front_bottom_hatch,derived evidence,yes:enclosures/integral_front_bottom_hatch/links/full_perimeter_bucket.step:39e6b2d95317d2348afd992ceda2e98d16a383820a3846737e21228ef1c41486
selected-promote,primary-dirty@ea5539f3372e1bad5ad05eba85f4bd9a53e8c868,build/sand_cube_190x210_internal_squat_absorber_rear_corners_parabolic_side_g1_lightweight_coherent_closure/diagnostics.json,JSON,7194ac15b3c78e272ae60d9b1115be6129f0fdfbfd7cbfdcef32593cddbff04d,70504,ignored-derived,workbench/designs/canonical_working_set/enclosures/integral_front_bottom_hatch/reference_evidence/diagnostics.json,portable immutable evidence selected by canonical working set,exp-190x210-lightweight-coherent-closure,hash-bound evidence for enclosures/integral_front_bottom_hatch,derived evidence,yes:enclosures/integral_front_bottom_hatch/links/full_perimeter_diagnostics.json:7194ac15b3c78e272ae60d9b1115be6129f0fdfbfd7cbfdcef32593cddbff04d
selected-promote,primary-dirty@ea5539f3372e1bad5ad05eba85f4bd9a53e8c868,build/sand_cube_190x210_internal_squat_absorber_rear_corners_parabolic_side_g1_lightweight_coherent_closure/internal_d_squat_absorber_installed.step,STEP,a16aeb1b440ef94a3cb208e4388eeac9c2acec238791fde4c33ebf0a3a4788ce,975988,ignored-derived,workbench/designs/canonical_working_set/acoustics/d_squat_resonator/reference_evidence/internal_d_squat_absorber_installed.step,portable immutable evidence selected by canonical working set,exp-190x210-lightweight-coherent-closure,hash-bound evidence for acoustics/d_squat_resonator,derived evidence,yes:acoustics/d_squat_resonator/links/integrated_rev_c_placement.step:a16aeb1b440ef94a3cb208e4388eeac9c2acec238791fde4c33ebf0a3a4788ce
selected-promote,primary-dirty@ea5539f3372e1bad5ad05eba85f4bd9a53e8c868,build/sand_cube_190x210_internal_squat_absorber_rear_corners_parabolic_side_g1_lightweight_coherent_closure/sand_cube_190x210_single_oval_port_internal_tube.step,STEP,5667fa455b81f8fc0f9a4645677a359f7b9072f0750eaff4f39a2099255fa19c,1094673,ignored-derived,workbench/designs/canonical_working_set/acoustics/bass_reflex_tube/reference_evidence/sand_cube_190x210_single_oval_port_internal_tube.step,portable immutable evidence selected by canonical working set,exp-190x210-lightweight-coherent-closure,hash-bound evidence for acoustics/bass_reflex_tube,derived evidence,yes:acoustics/bass_reflex_tube/links/tube_reference.step:5667fa455b81f8fc0f9a4645677a359f7b9072f0750eaff4f39a2099255fa19c
selected-promote,primary-dirty@ea5539f3372e1bad5ad05eba85f4bd9a53e8c868,build/sand_cube_190x210_internal_squat_absorber_rear_corners_parabolic_side_g1_simple_tongue_groove_baffle/hybrid_seam_assembled.step,STEP,90558975e0e8fb735534b53a73eb7970d3bdddd6aeda34fb821380915877bab0,11094222,ignored-derived,workbench/designs/canonical_working_set/enclosures/removable_front_baffle/reference_evidence/hybrid_seam_assembled.step,portable immutable evidence selected by canonical working set,development-190x210-tongue-groove; exp-190x210-simple-tongue-groove,hash-bound evidence for enclosures/removable_front_baffle,derived evidence,yes:enclosures/removable_front_baffle/links/bottom_ownership_assembly.step:90558975e0e8fb735534b53a73eb7970d3bdddd6aeda34fb821380915877bab0
selected-promote,primary-dirty@ea5539f3372e1bad5ad05eba85f4bd9a53e8c868,build/sand_cube_190x210_internal_squat_absorber_rear_corners_parabolic_side_g1_simple_tongue_groove_baffle/simple_tongue_groove_baffle.step,STEP,23c4d67927bbec6702c300c9912a7542383de093940378184b3d932fee3971c2,7245209,ignored-derived,workbench/designs/canonical_working_set/enclosures/removable_front_baffle/reference_evidence/simple_tongue_groove_baffle.step,portable immutable evidence selected by canonical working set,development-190x210-tongue-groove; exp-190x210-simple-tongue-groove,hash-bound evidence for enclosures/removable_front_baffle,derived evidence,yes:enclosures/removable_front_baffle/links/flat_bottom_baffle.step:23c4d67927bbec6702c300c9912a7542383de093940378184b3d932fee3971c2
selected-promote,primary-dirty@ea5539f3372e1bad5ad05eba85f4bd9a53e8c868,build/sand_cube_190x210_port_absorber_slotted_d_squat_rev_d/diagnostics.json,JSON,b2486dd92bda832be28b2d1e0b54666c06e0641924a2231283b8c37717a28c01,18725,ignored-derived,workbench/designs/canonical_working_set/acoustics/d_squat_resonator/reference_evidence/diagnostics.json,portable immutable evidence selected by canonical working set,exp-190x210-port-absorber-d-squat-rev-d,hash-bound evidence for acoustics/d_squat_resonator,derived evidence,yes:acoustics/d_squat_resonator/links/rev_d_diagnostics.json:b2486dd92bda832be28b2d1e0b54666c06e0641924a2231283b8c37717a28c01
selected-promote,primary-dirty@ea5539f3372e1bad5ad05eba85f4bd9a53e8c868,build/sand_cube_190x210_port_absorber_slotted_d_squat_rev_d/port_absorber_d_squat_rev_d_assembly_finished_reference.step,STEP,3ed5020cf53511f676ec3ed9a709d44a81e112f5b91fb1757dfbf09f4fcb33da,953398,ignored-derived,workbench/designs/canonical_working_set/acoustics/d_squat_resonator/reference_evidence/port_absorber_d_squat_rev_d_assembly_finished_reference.step,portable immutable evidence selected by canonical working set,exp-190x210-port-absorber-d-squat-rev-d,hash-bound evidence for acoustics/d_squat_resonator,derived evidence,yes:acoustics/d_squat_resonator/links/rev_d_assembly.step:3ed5020cf53511f676ec3ed9a709d44a81e112f5b91fb1757dfbf09f4fcb33da
selected-promote,primary-dirty@ea5539f3372e1bad5ad05eba85f4bd9a53e8c868,build/sand_cube_190x210_port_absorber_slotted_d_squat_rev_d/port_absorber_d_squat_rev_d_print_layout.step,STEP,5936001348ce7d146519a8836507d6800b703cce71f0a3d808f2df20f818d76e,811849,ignored-derived,workbench/designs/canonical_working_set/acoustics/d_squat_resonator/reference_evidence/port_absorber_d_squat_rev_d_print_layout.step,portable immutable evidence selected by canonical working set,exp-190x210-port-absorber-d-squat-rev-d,hash-bound evidence for acoustics/d_squat_resonator,derived evidence,yes:acoustics/d_squat_resonator/links/rev_d_print_layout.step:5936001348ce7d146519a8836507d6800b703cce71f0a3d808f2df20f818d76e
selected-promote,primary-dirty@ea5539f3372e1bad5ad05eba85f4bd9a53e8c868,build/workbench/enclosure_baffle_recovery/clean_corner_hunks_candidate_viewer/clean_corner_hunks_bucket.step,STEP,eaeed68103e3110ca3e888ece90002a7f2f98a8b174fab5906e7fb0bd9350b97,4310535,ignored-derived,workbench/designs/canonical_working_set/enclosures/removable_front_baffle/reference_evidence/clean_corner_hunks_bucket.step,portable immutable evidence selected by canonical working set,supporting active-enclosure lineage,hash-bound evidence for enclosures/removable_front_baffle,derived evidence,yes:enclosures/removable_front_baffle/links/near_perfect_bucket.step:eaeed68103e3110ca3e888ece90002a7f2f98a8b174fab5906e7fb0bd9350b97
selected-base,origin/main@73b29e51434e4a139efcb09574f8dc1c94bd485f,cad_runner/entrypoint.py,Python,3a711676bb3f52a051ee6eef4bd02535d7ac8c4444b6686ad3394e89516a36be,2266,tracked,cad_runner/entrypoint.py,pre-existing dependency required to import selected active lineage,supporting active-enclosure lineage,transitive active enclosure import closure,authoritative Python,no
selected-base,origin/main@73b29e51434e4a139efcb09574f8dc1c94bd485f,cad_runner/outputs.py,Python,12ae84bc5fa82970db0209c22589009b1af4fd5bbf415e5387c0a00a2843095e,1257,tracked,cad_runner/outputs.py,pre-existing dependency required to import selected active lineage,supporting active-enclosure lineage,transitive active enclosure import closure,authoritative Python,no
selected-copy,primary-dirty@ea5539f3372e1bad5ad05eba85f4bd9a53e8c868,docs/horn-print-and-viewer-work-summary.md,Markdown,bb8c9ad982ce7fd70fb6b1d9cf9fbace82539edb24ee012cb4c4dcccbf4edc46,3036,modified,docs/horn-print-and-viewer-work-summary.md,source target named by canonical working set,supporting active-enclosure lineage,canonical navigation/source dependency,documentation,yes:horn/links/horn_work_summary.md:bb8c9ad982ce7fd70fb6b1d9cf9fbace82539edb24ee012cb4c4dcccbf4edc46
selected-base,origin/main@73b29e51434e4a139efcb09574f8dc1c94bd485f,experiments/jmlc_square_baffle/generate_rolled_cube.py,Python,4ce10a2ae93041609353824ab8e173040055fcfd4a94264fca12e09a73b630be,8433,tracked,experiments/jmlc_square_baffle/generate_rolled_cube.py,source target named by canonical working set,exp-jmlc-square-baffle,canonical navigation/source dependency,authoritative Python,yes:horn/links/jmlc_studies/generate_rolled_cube.py:4ce10a2ae93041609353824ab8e173040055fcfd4a94264fca12e09a73b630be
selected-base,origin/main@73b29e51434e4a139efcb09574f8dc1c94bd485f,experiments/jmlc_square_baffle/explore_variants.py,Python,63652bbb0a5d4ced123fff86746e97cb38f10c5303f06245ef1124372f6135a2,13907,tracked,experiments/jmlc_square_baffle/explore_variants.py,pre-existing sibling dependency required to import the canonical JMLC study target,exp-jmlc-square-baffle,transitive import closure for canonical horn study,authoritative Python,no
selected-base,origin/main@73b29e51434e4a139efcb09574f8dc1c94bd485f,experiments/sand_cube_190x210_header_port/generate_sand_cube_190x210_header_port.py,Python,c20df6ac1eb83616babdb844eb8f1f336725eed714101bebe58d7f0d98d2b5ab,21957,tracked,experiments/sand_cube_190x210_header_port/generate_sand_cube_190x210_header_port.py,pre-existing dependency required to import selected active lineage,supporting active-enclosure lineage,transitive active enclosure import closure,authoritative Python,no
selected-base,origin/main@73b29e51434e4a139efcb09574f8dc1c94bd485f,experiments/sand_cube_190x210_internal_squat_absorber/generate_sand_cube_190x210_internal_squat_absorber.py,Python,b3a8fdb7276c6dcca4a6c777083cdda1c27e4e673e540c884712ff5650d888c1,20634,tracked,experiments/sand_cube_190x210_internal_squat_absorber/generate_sand_cube_190x210_internal_squat_absorber.py,pre-existing dependency required to import selected active lineage,supporting active-enclosure lineage,transitive active enclosure import closure,authoritative Python,no
selected-base,origin/main@73b29e51434e4a139efcb09574f8dc1c94bd485f,experiments/sand_cube_190x210_internal_squat_absorber_flush/generate_sand_cube_190x210_internal_squat_absorber_flush.py,Python,888fe48ad804c6ac49f5805d237dd7974b686cac1bc09eeec5e8ef6d049bb474,18468,tracked,experiments/sand_cube_190x210_internal_squat_absorber_flush/generate_sand_cube_190x210_internal_squat_absorber_flush.py,pre-existing dependency required to import selected active lineage,supporting active-enclosure lineage,transitive active enclosure import closure,authoritative Python,no
selected-base,origin/main@73b29e51434e4a139efcb09574f8dc1c94bd485f,experiments/sand_cube_190x210_internal_squat_absorber_rear_corners/generate_sand_cube_190x210_internal_squat_absorber_rear_corners.py,Python,1b2fcd344726f192b37e9081b6e41588b797a1a35e3301600ba2dbe77455307d,18728,tracked,experiments/sand_cube_190x210_internal_squat_absorber_rear_corners/generate_sand_cube_190x210_internal_squat_absorber_rear_corners.py,pre-existing dependency required to import selected active lineage,exp-190x210-rear-corners,transitive active enclosure import closure,authoritative Python,yes:acoustics/bass_reflex_tube/links/route_source/generate_sand_cube_190x210_internal_squat_absorber_rear_corners.py:1b2fcd344726f192b37e9081b6e41588b797a1a35e3301600ba2dbe77455307d
selected-base,origin/main@73b29e51434e4a139efcb09574f8dc1c94bd485f,experiments/sand_cube_190x210_internal_squat_absorber_rear_corners_inverse_le_cleach_front/solve_inverse_le_cleach_front.py,Python,cad887516e05aaeec02344ceb468f3613a3b55f9a3e5f14d86110418281f2ef0,20857,tracked,experiments/sand_cube_190x210_internal_squat_absorber_rear_corners_inverse_le_cleach_front/solve_inverse_le_cleach_front.py,pre-existing dependency required to import selected active lineage,exp-190x210-rear-corners,transitive active enclosure import closure,authoritative Python,no
selected-base,origin/main@73b29e51434e4a139efcb09574f8dc1c94bd485f,experiments/sand_cube_190x210_internal_squat_absorber_rear_corners_le_cleach_front_15mm_g2_fairing/generate_sand_cube_190x210_internal_squat_absorber_rear_corners_le_cleach_front_15mm_g2_fairing.py,Python,5d7f80726b325fdacfe455174d6d57ad4677d2ef6f848e37e1054ab46b3517a7,23432,tracked,experiments/sand_cube_190x210_internal_squat_absorber_rear_corners_le_cleach_front_15mm_g2_fairing/generate_sand_cube_190x210_internal_squat_absorber_rear_corners_le_cleach_front_15mm_g2_fairing.py,pre-existing dependency required to import selected active lineage,exp-190x210-rear-corners,transitive active enclosure import closure,authoritative Python,no
selected-base,origin/main@73b29e51434e4a139efcb09574f8dc1c94bd485f,experiments/sand_cube_190x210_internal_squat_absorber_rear_corners_le_cleach_front_15mm_square_crop_r8/generate_sand_cube_190x210_internal_squat_absorber_rear_corners_le_cleach_front_15mm_square_crop_r8.py,Python,be7acc1b77bffee5b0b2ff92bcc283f70a670c1a488ff5dc706bbc0640b578ff,23495,tracked,experiments/sand_cube_190x210_internal_squat_absorber_rear_corners_le_cleach_front_15mm_square_crop_r8/generate_sand_cube_190x210_internal_squat_absorber_rear_corners_le_cleach_front_15mm_square_crop_r8.py,pre-existing dependency required to import selected active lineage,exp-190x210-rear-corners,transitive active enclosure import closure,authoritative Python,no
selected-base,origin/main@73b29e51434e4a139efcb09574f8dc1c94bd485f,experiments/sand_cube_190x210_internal_squat_absorber_rear_corners_le_cleach_front_15mm_square_crop_unified_r8/generate_sand_cube_190x210_internal_squat_absorber_rear_corners_le_cleach_front_15mm_square_crop_unified_r8.py,Python,4256e1ac9f80bf865cc2b420785c4113d2f4110bda4612333cc066fc341a18ba,13754,tracked,experiments/sand_cube_190x210_internal_squat_absorber_rear_corners_le_cleach_front_15mm_square_crop_unified_r8/generate_sand_cube_190x210_internal_squat_absorber_rear_corners_le_cleach_front_15mm_square_crop_unified_r8.py,pre-existing dependency required to import selected active lineage,exp-190x210-rear-corners,transitive active enclosure import closure,authoritative Python,no
selected-base,origin/main@73b29e51434e4a139efcb09574f8dc1c94bd485f,experiments/sand_cube_190x210_internal_squat_absorber_rear_corners_parabolic_side_g1_centered_captive_nut/generate_sand_cube_190x210_internal_squat_absorber_rear_corners_parabolic_side_g1_centered_captive_nut.py,Python,24a0809b328be514a4f2cb5fafa3d893da1b0e39a3b7025498f5a556a5acda63,32146,tracked,experiments/sand_cube_190x210_internal_squat_absorber_rear_corners_parabolic_side_g1_centered_captive_nut/generate_sand_cube_190x210_internal_squat_absorber_rear_corners_parabolic_side_g1_centered_captive_nut.py,pre-existing dependency required to import selected active lineage,exp-190x210-rear-corners,transitive active enclosure import closure,authoritative Python,no
selected-base,origin/main@73b29e51434e4a139efcb09574f8dc1c94bd485f,experiments/sand_cube_190x210_internal_squat_absorber_rear_corners_parabolic_side_g1_conformal_full_system/generate_sand_cube_190x210_internal_squat_absorber_rear_corners_parabolic_side_g1_conformal_full_system.py,Python,a0e4547175f895c0b62add705139690cbd0bf613f330575945df20c783eea0e7,26198,tracked,experiments/sand_cube_190x210_internal_squat_absorber_rear_corners_parabolic_side_g1_conformal_full_system/generate_sand_cube_190x210_internal_squat_absorber_rear_corners_parabolic_side_g1_conformal_full_system.py,pre-existing dependency required to import selected active lineage,exp-190x210-rear-corners,transitive active enclosure import closure,authoritative Python,no
selected-base,origin/main@73b29e51434e4a139efcb09574f8dc1c94bd485f,experiments/sand_cube_190x210_internal_squat_absorber_rear_corners_parabolic_side_g1_conformal_inner_wall/generate_sand_cube_190x210_internal_squat_absorber_rear_corners_parabolic_side_g1_conformal_inner_wall.py,Python,6d8f7acf40493122541a89bf7e0e81cc4c094c0c3846d11c48cf8ff61ff9fbb7,37000,tracked,experiments/sand_cube_190x210_internal_squat_absorber_rear_corners_parabolic_side_g1_conformal_inner_wall/generate_sand_cube_190x210_internal_squat_absorber_rear_corners_parabolic_side_g1_conformal_inner_wall.py,pre-existing dependency required to import selected active lineage,exp-190x210-rear-corners,transitive active enclosure import closure,authoritative Python,no
selected-copy,primary-dirty@ea5539f3372e1bad5ad05eba85f4bd9a53e8c868,experiments/sand_cube_190x210_internal_squat_absorber_rear_corners_parabolic_side_g1_dual_captive_square_nut_printable/generate_sand_cube_190x210_internal_squat_absorber_rear_corners_parabolic_side_g1_dual_captive_square_nut_printable.py,Python,65ade227ab410e60ed394006543ebbddbfc14f0b314eaa38431357e0269c3844,33519,untracked,experiments/sand_cube_190x210_internal_squat_absorber_rear_corners_parabolic_side_g1_dual_captive_square_nut_printable/generate_sand_cube_190x210_internal_squat_absorber_rear_corners_parabolic_side_g1_dual_captive_square_nut_printable.py,selected active-enclosure ancestor or owner support,exp-190x210-dual-captive-nut-printable,selected directory in active import/source closure,authoritative Python,no
selected-base,origin/main@73b29e51434e4a139efcb09574f8dc1c94bd485f,experiments/sand_cube_190x210_internal_squat_absorber_rear_corners_parabolic_side_g1_fairing/generate_sand_cube_190x210_internal_squat_absorber_rear_corners_parabolic_side_g1_fairing.py,Python,822c1a9c24e213d372ea573ff06a50eea419c70acfe5116d8b674bb8ecb807f7,18924,tracked,experiments/sand_cube_190x210_internal_squat_absorber_rear_corners_parabolic_side_g1_fairing/generate_sand_cube_190x210_internal_squat_absorber_rear_corners_parabolic_side_g1_fairing.py,pre-existing dependency required to import selected active lineage,exp-190x210-rear-corners,transitive active enclosure import closure,authoritative Python,no
selected-copy,primary-dirty@ea5539f3372e1bad5ad05eba85f4bd9a53e8c868,experiments/sand_cube_190x210_internal_squat_absorber_rear_corners_parabolic_side_g1_forward_captive_square_nut/generate_sand_cube_190x210_internal_squat_absorber_rear_corners_parabolic_side_g1_forward_captive_square_nut.py,Python,faef5c95213dd331aaefd784ee6e19514ba2594ded216aa3ecd0b17e8a751388,22896,untracked,experiments/sand_cube_190x210_internal_squat_absorber_rear_corners_parabolic_side_g1_forward_captive_square_nut/generate_sand_cube_190x210_internal_squat_absorber_rear_corners_parabolic_side_g1_forward_captive_square_nut.py,selected active-enclosure ancestor or owner support,exp-190x210-forward-captive-nut,selected directory in active import/source closure,authoritative Python,no
selected-copy,primary-dirty@ea5539f3372e1bad5ad05eba85f4bd9a53e8c868,experiments/sand_cube_190x210_internal_squat_absorber_rear_corners_parabolic_side_g1_front_fill_perimeter_seal/generate_sand_cube_190x210_internal_squat_absorber_rear_corners_parabolic_side_g1_front_fill_perimeter_seal.py,Python,8df747bdc01c16cd157cf28f03cdd549ab9ccfa99530b37ed6515e33098cd936,37896,untracked,experiments/sand_cube_190x210_internal_squat_absorber_rear_corners_parabolic_side_g1_front_fill_perimeter_seal/generate_sand_cube_190x210_internal_squat_absorber_rear_corners_parabolic_side_g1_front_fill_perimeter_seal.py,selected active-enclosure ancestor or owner support,exp-190x210-front-fill-perimeter-seal,selected directory in active import/source closure,authoritative Python,no
selected-base,origin/main@73b29e51434e4a139efcb09574f8dc1c94bd485f,experiments/sand_cube_190x210_internal_squat_absorber_rear_corners_parabolic_side_g1_hooked_gasketed_baffle/generate_sand_cube_190x210_internal_squat_absorber_rear_corners_parabolic_side_g1_hooked_gasketed_baffle.py,Python,eee63214daa54477e616defcd9c818ad572816a7e98c6ce6a788539ede9a79e4,62305,tracked,experiments/sand_cube_190x210_internal_squat_absorber_rear_corners_parabolic_side_g1_hooked_gasketed_baffle/generate_sand_cube_190x210_internal_squat_absorber_rear_corners_parabolic_side_g1_hooked_gasketed_baffle.py,pre-existing dependency required to import selected active lineage,exp-190x210-rear-corners,transitive active enclosure import closure,authoritative Python,no
selected-copy,primary-dirty@ea5539f3372e1bad5ad05eba85f4bd9a53e8c868,experiments/sand_cube_190x210_internal_squat_absorber_rear_corners_parabolic_side_g1_lightweight_coherent_closure/README.md,Markdown,f2879e541181937882420e2cf10d0c4fb80713a2f38133974312dfa10c26db27,2074,untracked,experiments/sand_cube_190x210_internal_squat_absorber_rear_corners_parabolic_side_g1_lightweight_coherent_closure/README.md,selected active-enclosure ancestor or owner support,exp-190x210-lightweight-coherent-closure,selected directory in active import/source closure,documentation,no
selected-copy,primary-dirty@ea5539f3372e1bad5ad05eba85f4bd9a53e8c868,experiments/sand_cube_190x210_internal_squat_absorber_rear_corners_parabolic_side_g1_lightweight_coherent_closure/create_bambu_x2d_finned_baffle_project.py,Python,4c61104ecd373400b96d8b089bf8348ad2b1a74bfd8aaa087778da6cd587e735,14461,untracked,experiments/sand_cube_190x210_internal_squat_absorber_rear_corners_parabolic_side_g1_lightweight_coherent_closure/create_bambu_x2d_finned_baffle_project.py,selected active-enclosure ancestor or owner support,exp-190x210-lightweight-coherent-closure,selected directory in active import/source closure,authoritative Python,no
selected-copy,primary-dirty@ea5539f3372e1bad5ad05eba85f4bd9a53e8c868,experiments/sand_cube_190x210_internal_squat_absorber_rear_corners_parabolic_side_g1_lightweight_coherent_closure/diagnose_lightweight_joint.py,Python,c97bedfc8b80d369217e25ab483ba2a722d681bed0fd90b76ce59c0c6b465f46,1850,untracked,experiments/sand_cube_190x210_internal_squat_absorber_rear_corners_parabolic_side_g1_lightweight_coherent_closure/diagnose_lightweight_joint.py,selected active-enclosure ancestor or owner support,exp-190x210-lightweight-coherent-closure,selected directory in active import/source closure,authoritative Python,no
selected-copy,primary-dirty@ea5539f3372e1bad5ad05eba85f4bd9a53e8c868,experiments/sand_cube_190x210_internal_squat_absorber_rear_corners_parabolic_side_g1_lightweight_coherent_closure/generate_bucket_front_transition_candidate.py,Python,24264f03a48c5fd24660fcb0c0eb081398630618494e8199573f685afaa5bd57,14483,untracked,experiments/sand_cube_190x210_internal_squat_absorber_rear_corners_parabolic_side_g1_lightweight_coherent_closure/generate_bucket_front_transition_candidate.py,selected active-enclosure ancestor or owner support,exp-190x210-lightweight-coherent-closure,selected directory in active import/source closure,authoritative Python,no
selected-copy,primary-dirty@ea5539f3372e1bad5ad05eba85f4bd9a53e8c868,experiments/sand_cube_190x210_internal_squat_absorber_rear_corners_parabolic_side_g1_lightweight_coherent_closure/generate_finned_baffle_3mf.py,Python,7789e62fcbe5477821d4a0f11a0260d94016e3f30e181505cc7fe5f58d570250,10466,untracked,experiments/sand_cube_190x210_internal_squat_absorber_rear_corners_parabolic_side_g1_lightweight_coherent_closure/generate_finned_baffle_3mf.py,selected active-enclosure ancestor or owner support,exp-190x210-lightweight-coherent-closure,selected directory in active import/source closure,authoritative Python,no
selected-copy,primary-dirty@ea5539f3372e1bad5ad05eba85f4bd9a53e8c868,experiments/sand_cube_190x210_internal_squat_absorber_rear_corners_parabolic_side_g1_lightweight_coherent_closure/generate_finned_baffle_variant.py,Python,b4ccfcfc673e4d5396e672a46a7636c984f92370217ec2d062b970bc290c1b93,13892,untracked,experiments/sand_cube_190x210_internal_squat_absorber_rear_corners_parabolic_side_g1_lightweight_coherent_closure/generate_finned_baffle_variant.py,selected active-enclosure ancestor or owner support,exp-190x210-lightweight-coherent-closure,selected directory in active import/source closure,authoritative Python,no
selected-copy,primary-dirty@ea5539f3372e1bad5ad05eba85f4bd9a53e8c868,experiments/sand_cube_190x210_internal_squat_absorber_rear_corners_parabolic_side_g1_lightweight_coherent_closure/generate_sand_cube_190x210_internal_squat_absorber_rear_corners_parabolic_side_g1_lightweight_coherent_closure.py,Python,0f318a52cf4148d2f2367a18176867acfad76e5a6827d77ca42e5395ce43ba2a,77238,untracked,experiments/sand_cube_190x210_internal_squat_absorber_rear_corners_parabolic_side_g1_lightweight_coherent_closure/generate_sand_cube_190x210_internal_squat_absorber_rear_corners_parabolic_side_g1_lightweight_coherent_closure.py,selected active-enclosure ancestor or owner support,exp-190x210-lightweight-coherent-closure,selected directory in active import/source closure,authoritative Python,yes:enclosures/integral_front_bottom_hatch/links/pre_split_source/generate_sand_cube_190x210_internal_squat_absorber_rear_corners_parabolic_side_g1_lightweight_coherent_closure.py:0f318a52cf4148d2f2367a18176867acfad76e5a6827d77ca42e5395ce43ba2a
selected-base,origin/main@73b29e51434e4a139efcb09574f8dc1c94bd485f,experiments/sand_cube_190x210_internal_squat_absorber_rear_corners_parabolic_side_g1_nested_seam_closure_concepts/generate_sand_cube_190x210_internal_squat_absorber_rear_corners_parabolic_side_g1_nested_seam_closure_concepts.py,Python,02e415cd5a83d61fe9c01d54153c21d8e41a293eb17e45aa6a4bc53986d97f42,44088,tracked,experiments/sand_cube_190x210_internal_squat_absorber_rear_corners_parabolic_side_g1_nested_seam_closure_concepts/generate_sand_cube_190x210_internal_squat_absorber_rear_corners_parabolic_side_g1_nested_seam_closure_concepts.py,pre-existing dependency required to import selected active lineage,exp-190x210-rear-corners,transitive active enclosure import closure,authoritative Python,yes:enclosures/integral_front_bottom_hatch/links/nested_seam_ancestor/generate_sand_cube_190x210_internal_squat_absorber_rear_corners_parabolic_side_g1_nested_seam_closure_concepts.py:02e415cd5a83d61fe9c01d54153c21d8e41a293eb17e45aa6a4bc53986d97f42
selected-base,origin/main@73b29e51434e4a139efcb09574f8dc1c94bd485f,experiments/sand_cube_190x210_internal_squat_absorber_rear_corners_parabolic_side_g1_printable_bucket/generate_sand_cube_190x210_internal_squat_absorber_rear_corners_parabolic_side_g1_printable_bucket.py,Python,3af310dd86097db27b19a7ee621350ada1cc215fbfb97497dba8490a2007077f,24053,tracked,experiments/sand_cube_190x210_internal_squat_absorber_rear_corners_parabolic_side_g1_printable_bucket/generate_sand_cube_190x210_internal_squat_absorber_rear_corners_parabolic_side_g1_printable_bucket.py,pre-existing dependency required to import selected active lineage,exp-190x210-rear-corners,transitive active enclosure import closure,authoritative Python,no
selected-base,origin/main@73b29e51434e4a139efcb09574f8dc1c94bd485f,experiments/sand_cube_190x210_internal_squat_absorber_rear_corners_parabolic_side_g1_simple_tongue_groove_baffle/HANDOFF.md,Markdown,6732d270cda9ed509808fffad13e1038b509fe64b3182ed599995f1fd5f4184c,9755,tracked,experiments/sand_cube_190x210_internal_squat_absorber_rear_corners_parabolic_side_g1_simple_tongue_groove_baffle/HANDOFF.md,"active removable-front source, validator, handoff, or iteration note",development-190x210-tongue-groove; exp-190x210-simple-tongue-groove,active lineage owner/input,documentation,yes:enclosures/removable_front_baffle/links/active_source/HANDOFF.md:6732d270cda9ed509808fffad13e1038b509fe64b3182ed599995f1fd5f4184c
selected-copy,primary-dirty@ea5539f3372e1bad5ad05eba85f4bd9a53e8c868,experiments/sand_cube_190x210_internal_squat_absorber_rear_corners_parabolic_side_g1_simple_tongue_groove_baffle/NEXT_AGENT_PROMPT.md,Markdown,66ef45afe9b4b99f981602e7d2c40f207b9e289aacb3f8e72b4c3797808e8ef2,11189,modified,experiments/sand_cube_190x210_internal_squat_absorber_rear_corners_parabolic_side_g1_simple_tongue_groove_baffle/NEXT_AGENT_PROMPT.md,"active removable-front source, validator, handoff, or iteration note",development-190x210-tongue-groove; exp-190x210-simple-tongue-groove,active lineage owner/input,documentation,no
selected-base,origin/main@73b29e51434e4a139efcb09574f8dc1c94bd485f,experiments/sand_cube_190x210_internal_squat_absorber_rear_corners_parabolic_side_g1_simple_tongue_groove_baffle/README.md,Markdown,a8de9bd23f6ca430205c7caaf3c4e8322158be7f4bfd976b64306f93dc48391b,4975,tracked,experiments/sand_cube_190x210_internal_squat_absorber_rear_corners_parabolic_side_g1_simple_tongue_groove_baffle/README.md,"active removable-front source, validator, handoff, or iteration note",development-190x210-tongue-groove; exp-190x210-simple-tongue-groove,active lineage owner/input,documentation,no
selected-copy,primary-dirty@ea5539f3372e1bad5ad05eba85f4bd9a53e8c868,experiments/sand_cube_190x210_internal_squat_absorber_rear_corners_parabolic_side_g1_simple_tongue_groove_baffle/generate_sand_cube_190x210_internal_squat_absorber_rear_corners_parabolic_side_g1_simple_tongue_groove_baffle.py,Python,496a9d9797e0b27d14b8762a2a7bc5efac8c7c747e13308265c5ca65fa3f6f7c,41279,modified,experiments/sand_cube_190x210_internal_squat_absorber_rear_corners_parabolic_side_g1_simple_tongue_groove_baffle/generate_sand_cube_190x210_internal_squat_absorber_rear_corners_parabolic_side_g1_simple_tongue_groove_baffle.py,"active removable-front source, validator, handoff, or iteration note",development-190x210-tongue-groove; exp-190x210-simple-tongue-groove,active lineage owner/input,authoritative Python,yes:enclosures/removable_front_baffle/links/active_source/generate_sand_cube_190x210_internal_squat_absorber_rear_corners_parabolic_side_g1_simple_tongue_groove_baffle.py:496a9d9797e0b27d14b8762a2a7bc5efac8c7c747e13308265c5ca65fa3f6f7c
selected-copy,primary-dirty@ea5539f3372e1bad5ad05eba85f4bd9a53e8c868,experiments/sand_cube_190x210_internal_squat_absorber_rear_corners_parabolic_side_g1_simple_tongue_groove_baffle/validate_simple_tongue_groove_baffle.py,Python,f3f07e1323a32d58404822a860d82e341ff07b4e8025f5889730d5efa4112298,25698,modified,experiments/sand_cube_190x210_internal_squat_absorber_rear_corners_parabolic_side_g1_simple_tongue_groove_baffle/validate_simple_tongue_groove_baffle.py,"active removable-front source, validator, handoff, or iteration note",development-190x210-tongue-groove; exp-190x210-simple-tongue-groove,active lineage owner/input,authoritative Python,yes:enclosures/removable_front_baffle/links/active_source/validate_simple_tongue_groove_baffle.py:f3f07e1323a32d58404822a860d82e341ff07b4e8025f5889730d5efa4112298
selected-copy,primary-dirty@ea5539f3372e1bad5ad05eba85f4bd9a53e8c868,experiments/sand_cube_190x210_internal_squat_absorber_rear_corners_parabolic_side_g1_simplified_printable_closure/generate_sand_cube_190x210_internal_squat_absorber_rear_corners_parabolic_side_g1_simplified_printable_closure.py,Python,2ed7cddafdd4dd13817d124468a5dba5aede13a77553ed9ccc37b8a524928d84,57510,untracked,experiments/sand_cube_190x210_internal_squat_absorber_rear_corners_parabolic_side_g1_simplified_printable_closure/generate_sand_cube_190x210_internal_squat_absorber_rear_corners_parabolic_side_g1_simplified_printable_closure.py,selected active-enclosure ancestor or owner support,exp-190x210-simplified-printable-closure,selected directory in active import/source closure,authoritative Python,no
selected-copy,primary-dirty@ea5539f3372e1bad5ad05eba85f4bd9a53e8c868,experiments/sand_cube_190x210_internal_squat_absorber_rear_corners_parabolic_side_g1_single_land_corner_fasteners/README.md,Markdown,3387b1da2912bd136e1eadfb6b00b4203df228ea8aeaec3438d4cd06ad077636,744,untracked,experiments/sand_cube_190x210_internal_squat_absorber_rear_corners_parabolic_side_g1_single_land_corner_fasteners/README.md,selected active-enclosure ancestor or owner support,exp-190x210-single-land-fasteners,selected directory in active import/source closure,documentation,no
selected-copy,primary-dirty@ea5539f3372e1bad5ad05eba85f4bd9a53e8c868,experiments/sand_cube_190x210_internal_squat_absorber_rear_corners_parabolic_side_g1_single_land_corner_fasteners/generate_sand_cube_190x210_internal_squat_absorber_rear_corners_parabolic_side_g1_single_land_corner_fasteners.py,Python,029ff70e4f47ade1d10b7c3e50775a90a67ece0581c0dab9ef9610a84824c6bb,44417,untracked,experiments/sand_cube_190x210_internal_squat_absorber_rear_corners_parabolic_side_g1_single_land_corner_fasteners/generate_sand_cube_190x210_internal_squat_absorber_rear_corners_parabolic_side_g1_single_land_corner_fasteners.py,selected active-enclosure ancestor or owner support,exp-190x210-single-land-fasteners,selected directory in active import/source closure,authoritative Python,no
selected-copy,primary-dirty@ea5539f3372e1bad5ad05eba85f4bd9a53e8c868,experiments/sand_cube_190x210_internal_squat_absorber_rear_corners_parabolic_side_g1_systemic_joint_recessed_fasteners/README.md,Markdown,2b2be813357ea8f1153aa56fef0768bd90f865ba2c117e40dbf965dc5ed3accd,1054,untracked,experiments/sand_cube_190x210_internal_squat_absorber_rear_corners_parabolic_side_g1_systemic_joint_recessed_fasteners/README.md,selected active-enclosure ancestor or owner support,exp-190x210-systemic-recessed-fasteners,selected directory in active import/source closure,documentation,no
selected-copy,primary-dirty@ea5539f3372e1bad5ad05eba85f4bd9a53e8c868,experiments/sand_cube_190x210_internal_squat_absorber_rear_corners_parabolic_side_g1_systemic_joint_recessed_fasteners/generate_sand_cube_190x210_internal_squat_absorber_rear_corners_parabolic_side_g1_systemic_joint_recessed_fasteners.py,Python,efa5381674d56d2d4e727ffbfe3c63424c16d087661b2ad3f4d7dd297cc75c8a,39950,untracked,experiments/sand_cube_190x210_internal_squat_absorber_rear_corners_parabolic_side_g1_systemic_joint_recessed_fasteners/generate_sand_cube_190x210_internal_squat_absorber_rear_corners_parabolic_side_g1_systemic_joint_recessed_fasteners.py,selected active-enclosure ancestor or owner support,exp-190x210-systemic-recessed-fasteners,selected directory in active import/source closure,authoritative Python,no
selected-base,origin/main@73b29e51434e4a139efcb09574f8dc1c94bd485f,experiments/sand_cube_190x210_port_absorber_slotted_d_squat/duct.py,Python,bf78e1a790b236646c4c96af1c6e63d2d8a8ec271316a8368c8271bec0723f03,11239,tracked,experiments/sand_cube_190x210_port_absorber_slotted_d_squat/duct.py,source target named by canonical working set,exp-190x210-port-absorber-d-squat,canonical navigation/source dependency,authoritative Python,yes:acoustics/d_squat_resonator/links/rev_c_source/duct.py:bf78e1a790b236646c4c96af1c6e63d2d8a8ec271316a8368c8271bec0723f03
selected-base,origin/main@73b29e51434e4a139efcb09574f8dc1c94bd485f,experiments/sand_cube_190x210_port_absorber_slotted_d_squat/generate_port_absorber_slotted_d_squat.py,Python,9bcb1a728add4fa1b306158da1e782cf9c8441275fcf7ccc90c092a6259fbf97,30565,tracked,experiments/sand_cube_190x210_port_absorber_slotted_d_squat/generate_port_absorber_slotted_d_squat.py,source target named by canonical working set,exp-190x210-port-absorber-d-squat,canonical navigation/source dependency,authoritative Python,yes:acoustics/d_squat_resonator/links/rev_c_source/generate_port_absorber_slotted_d_squat.py:9bcb1a728add4fa1b306158da1e782cf9c8441275fcf7ccc90c092a6259fbf97
selected-base,origin/main@73b29e51434e4a139efcb09574f8dc1c94bd485f,experiments/sand_cube_190x210_port_absorber_slotted_d_squat/model.py,Python,38204b0194edb46bb650cfe5c6f32450e55646c941bd397493e73a68f75f049b,11688,tracked,experiments/sand_cube_190x210_port_absorber_slotted_d_squat/model.py,source target named by canonical working set,exp-190x210-port-absorber-d-squat,canonical navigation/source dependency,authoritative Python,yes:acoustics/d_squat_resonator/links/rev_c_source/model.py:38204b0194edb46bb650cfe5c6f32450e55646c941bd397493e73a68f75f049b
selected-base,origin/main@73b29e51434e4a139efcb09574f8dc1c94bd485f,experiments/sand_cube_190x210_port_absorber_slotted_d_squat/robust.py,Python,9bda9c976dac9a7030ad29c9cec2b4399c99aee74a782f11caa44229318ed9b7,15939,tracked,experiments/sand_cube_190x210_port_absorber_slotted_d_squat/robust.py,source target named by canonical working set,exp-190x210-port-absorber-d-squat,canonical navigation/source dependency,authoritative Python,yes:acoustics/d_squat_resonator/links/rev_c_source/robust.py:9bda9c976dac9a7030ad29c9cec2b4399c99aee74a782f11caa44229318ed9b7
selected-base,origin/main@73b29e51434e4a139efcb09574f8dc1c94bd485f,experiments/sand_cube_190x210_port_absorber_slotted_d_squat/verify.py,Python,028a728c113d1315a517510adc0e911c8c86ca118b2d989d12d6c4faaa949092,16719,tracked,experiments/sand_cube_190x210_port_absorber_slotted_d_squat/verify.py,source target named by canonical working set,exp-190x210-port-absorber-d-squat,canonical navigation/source dependency,authoritative Python,yes:acoustics/d_squat_resonator/links/rev_c_source/verify.py:028a728c113d1315a517510adc0e911c8c86ca118b2d989d12d6c4faaa949092
selected-base,origin/main@73b29e51434e4a139efcb09574f8dc1c94bd485f,experiments/sand_cube_190x210_port_absorber_slotted_d_squat_rev_d/generate_port_absorber_slotted_d_squat_rev_d.py,Python,e7c320c4e1514f9459e82b94e6bba4a58877ff2591b3ed7d1e4c6fc5f18ba9f1,21024,tracked,experiments/sand_cube_190x210_port_absorber_slotted_d_squat_rev_d/generate_port_absorber_slotted_d_squat_rev_d.py,source target named by canonical working set,exp-190x210-port-absorber-d-squat-rev-d,canonical navigation/source dependency,authoritative Python,yes:acoustics/d_squat_resonator/links/rev_d_source/generate_port_absorber_slotted_d_squat_rev_d.py:e7c320c4e1514f9459e82b94e6bba4a58877ff2591b3ed7d1e4c6fc5f18ba9f1
selected-base,origin/main@73b29e51434e4a139efcb09574f8dc1c94bd485f,experiments/sand_cube_190x210_serviceable_tower/generate_sand_cube_190x210_serviceable_tower.py,Python,3ef3e25ba9d1811ca32bcab4d9457beaff3a38052375619f88edb1d1e3d43a7b,25425,tracked,experiments/sand_cube_190x210_serviceable_tower/generate_sand_cube_190x210_serviceable_tower.py,pre-existing dependency required to import selected active lineage,supporting active-enclosure lineage,transitive active enclosure import closure,authoritative Python,no
selected-base,origin/main@73b29e51434e4a139efcb09574f8dc1c94bd485f,experiments/sand_cube_190x210_single_oval_port/generate_sand_cube_190x210_single_oval_port.py,Python,0ebe233087fb8724e89254385e5f00e8f3a197fbb3bb9e202e97874c73c3e3a8,143512,tracked,experiments/sand_cube_190x210_single_oval_port/generate_sand_cube_190x210_single_oval_port.py,pre-existing dependency required to import selected active lineage,supporting active-enclosure lineage,transitive active enclosure import closure,authoritative Python,no
selected-base,origin/main@73b29e51434e4a139efcb09574f8dc1c94bd485f,experiments/sand_cube_8_5_black_hole/generate_contoured_inner_variants.py,Python,bfd972c136a975a2e01a52deab233af6677d778462184b92f70f29f5d08e177f,103575,tracked,experiments/sand_cube_8_5_black_hole/generate_contoured_inner_variants.py,pre-existing dependency required to import selected active lineage,supporting active-enclosure lineage,transitive active enclosure import closure,authoritative Python,no
selected-base,origin/main@73b29e51434e4a139efcb09574f8dc1c94bd485f,experiments/sand_cube_8_5_black_hole/generate_curve_to_seat_variants.py,Python,5a72d1785627eaea78d3be171b47e9f3cbf05e4cf11ebff47da800b10e19b350,11389,tracked,experiments/sand_cube_8_5_black_hole/generate_curve_to_seat_variants.py,pre-existing dependency required to import selected active lineage,supporting active-enclosure lineage,transitive active enclosure import closure,authoritative Python,no
selected-base,origin/main@73b29e51434e4a139efcb09574f8dc1c94bd485f,experiments/sand_cube_8_5_black_hole/generate_variants.py,Python,e74d47d3adbb148e025f737448995c6b86f2c79e176d56b27e18fc6d9f42b9e7,22944,tracked,experiments/sand_cube_8_5_black_hole/generate_variants.py,pre-existing sibling dependency required to import both selected black-hole lineage modules,final-enclosure-200; exp-black-hole-enclosure,transitive active enclosure import closure,authoritative Python,no
selected-base,origin/main@73b29e51434e4a139efcb09574f8dc1c94bd485f,params.py,Python,47bfaa90eaa62652c944e2d910e3b93dd3d3a1b6b2ec8590668a8c5274c1715c,4149,tracked,params.py,pre-existing dependency required to import selected active lineage,final-jmlc-horn; shared parameters,transitive active enclosure import closure,authoritative Python,yes:horn/links/shared_parameters.py:47bfaa90eaa62652c944e2d910e3b93dd3d3a1b6b2ec8590668a8c5274c1715c
selected-copy,primary-dirty@ea5539f3372e1bad5ad05eba85f4bd9a53e8c868,releases/enclosure_v1/README.md,Markdown,54f84afa8fab70b081731412f4ce28e503019f09de52fa6e29d2c83500cc4b01,515,untracked,releases/enclosure_v1/README.md,immutable V1 release boundary,front-baffle-v1,"frozen release source, input, deliverable, manifest, or verification",released material,no
selected-copy,primary-dirty@ea5539f3372e1bad5ad05eba85f4bd9a53e8c868,releases/enclosure_v1/bucket/README.md,Markdown,29237faac9a31a290c95fd9b5839b093625fa7039a2dfe3a04672cbace7e7bb3,353,untracked,releases/enclosure_v1/bucket/README.md,immutable V1 release boundary,front-baffle-v1,"frozen release source, input, deliverable, manifest, or verification",released material,no
selected-copy,primary-dirty@ea5539f3372e1bad5ad05eba85f4bd9a53e8c868,releases/enclosure_v1/front_baffle/README.md,Markdown,5387fbae67e272288f0930190f4a703d3e1330f9ad684d115b85db37e08312fc,2275,untracked,releases/enclosure_v1/front_baffle/README.md,immutable V1 release boundary,front-baffle-v1,"frozen release source, input, deliverable, manifest, or verification",released material,no
selected-copy,primary-dirty@ea5539f3372e1bad5ad05eba85f4bd9a53e8c868,releases/enclosure_v1/front_baffle/artifacts/front_baffle_v1.step,STEP,ac0ead81bcab149124257582b2988132f6e5f9c99b0ded1d67b0e0c4765c228c,13097838,untracked,releases/enclosure_v1/front_baffle/artifacts/front_baffle_v1.step,immutable V1 release boundary,front-baffle-v1,"frozen release source, input, deliverable, manifest, or verification",released material,no
selected-copy,primary-dirty@ea5539f3372e1bad5ad05eba85f4bd9a53e8c868,releases/enclosure_v1/front_baffle/artifacts/front_baffle_v1_x2d_pla_matte.3mf,3MF,d0c30eaef67edcdd289189e9391640ed64662b9c8f2209f1062c9072a21e1aea,3129682,untracked,releases/enclosure_v1/front_baffle/artifacts/front_baffle_v1_x2d_pla_matte.3mf,immutable V1 release boundary,front-baffle-v1,"frozen release source, input, deliverable, manifest, or verification",released material,no
selected-copy,primary-dirty@ea5539f3372e1bad5ad05eba85f4bd9a53e8c868,releases/enclosure_v1/front_baffle/manifest.json,JSON,67e440d3c0167c9921e084f6f60ba59a06b4232f6ea3e26d33497cfb4670103f,3766,untracked,releases/enclosure_v1/front_baffle/manifest.json,immutable V1 release boundary,front-baffle-v1,"frozen release source, input, deliverable, manifest, or verification",released material,no
selected-copy,primary-dirty@ea5539f3372e1bad5ad05eba85f4bd9a53e8c868,releases/enclosure_v1/front_baffle/source/README.md,Markdown,b7a7c742ec34e50f7c607a1ee9cc941af79574c2e862d5dc258df2299d52321c,964,untracked,releases/enclosure_v1/front_baffle/source/README.md,immutable V1 release boundary,front-baffle-v1,"frozen release source, input, deliverable, manifest, or verification",released material,no
selected-copy,primary-dirty@ea5539f3372e1bad5ad05eba85f4bd9a53e8c868,releases/enclosure_v1/front_baffle/source/front_baffle_v1_parameters.json,JSON,037fde981f6acbab1d9d4102b9509f4cb245a7b01dcdcdab7cd00234490c2d26,2562,untracked,releases/enclosure_v1/front_baffle/source/front_baffle_v1_parameters.json,immutable V1 release boundary,front-baffle-v1,"frozen release source, input, deliverable, manifest, or verification",released material,no
selected-copy,primary-dirty@ea5539f3372e1bad5ad05eba85f4bd9a53e8c868,releases/enclosure_v1/front_baffle/source/generate_front_baffle_v1.py,Python,0d2e22908aa0e40692778d32da0ca32686cd256260e549f812a5a7cca2fb7134,6593,untracked,releases/enclosure_v1/front_baffle/source/generate_front_baffle_v1.py,immutable V1 release boundary,front-baffle-v1,"frozen release source, input, deliverable, manifest, or verification",released material,no
selected-copy,primary-dirty@ea5539f3372e1bad5ad05eba85f4bd9a53e8c868,releases/enclosure_v1/front_baffle/source/inputs/front_baffle_v1_approved_pre_fin.step,STEP,5e2b9c24e78baad8ed83f55bbd2fd94d375323f773f1fb35249d65b0d0d3000e,8687475,untracked,releases/enclosure_v1/front_baffle/source/inputs/front_baffle_v1_approved_pre_fin.step,immutable V1 release boundary,front-baffle-v1,"frozen release source, input, deliverable, manifest, or verification",released material,no
selected-copy,primary-dirty@ea5539f3372e1bad5ad05eba85f4bd9a53e8c868,releases/enclosure_v1/front_baffle/source/inputs/front_baffle_v1_bed_oriented_mesh.3mf,3MF,8d3e23cfcc90116506ea4a6dae7b364b4d9bb0a0876893b275b2ed118d57fd2a,3888749,untracked,releases/enclosure_v1/front_baffle/source/inputs/front_baffle_v1_bed_oriented_mesh.3mf,immutable V1 release boundary,front-baffle-v1,"frozen release source, input, deliverable, manifest, or verification",released material,no
selected-copy,primary-dirty@ea5539f3372e1bad5ad05eba85f4bd9a53e8c868,releases/enclosure_v1/front_baffle/source/provenance/create_bambu_oss_horn_mount_project.py,Python,63a4f280d33b8b94d1b1975584b78b29a30661fcdfaa09f81395b9dee3241b13,19917,untracked,releases/enclosure_v1/front_baffle/source/provenance/create_bambu_oss_horn_mount_project.py,immutable V1 release boundary,front-baffle-v1,"frozen release source, input, deliverable, manifest, or verification",released material,no
selected-copy,primary-dirty@ea5539f3372e1bad5ad05eba85f4bd9a53e8c868,releases/enclosure_v1/front_baffle/source/provenance/create_bambu_x2d_finned_baffle_project.py,Python,4c61104ecd373400b96d8b089bf8348ad2b1a74bfd8aaa087778da6cd587e735,14461,untracked,releases/enclosure_v1/front_baffle/source/provenance/create_bambu_x2d_finned_baffle_project.py,immutable V1 release boundary,front-baffle-v1,"frozen release source, input, deliverable, manifest, or verification",released material,no
selected-copy,primary-dirty@ea5539f3372e1bad5ad05eba85f4bd9a53e8c868,releases/enclosure_v1/front_baffle/source/provenance/generate_finned_baffle_3mf.py,Python,7789e62fcbe5477821d4a0f11a0260d94016e3f30e181505cc7fe5f58d570250,10466,untracked,releases/enclosure_v1/front_baffle/source/provenance/generate_finned_baffle_3mf.py,immutable V1 release boundary,front-baffle-v1,"frozen release source, input, deliverable, manifest, or verification",released material,no
selected-copy,primary-dirty@ea5539f3372e1bad5ad05eba85f4bd9a53e8c868,releases/enclosure_v1/front_baffle/source/provenance/generate_finned_baffle_variant.py,Python,b4ccfcfc673e4d5396e672a46a7636c984f92370217ec2d062b970bc290c1b93,13892,untracked,releases/enclosure_v1/front_baffle/source/provenance/generate_finned_baffle_variant.py,immutable V1 release boundary,front-baffle-v1,"frozen release source, input, deliverable, manifest, or verification",released material,no
selected-copy,primary-dirty@ea5539f3372e1bad5ad05eba85f4bd9a53e8c868,releases/enclosure_v1/front_baffle/verification/bambu_project_diagnostics.json,JSON,c202af49550baa021fe8aff8e7b01fc5cf92fcf44ce5ed532a4bf781a6231d29,2118,untracked,releases/enclosure_v1/front_baffle/verification/bambu_project_diagnostics.json,immutable V1 release boundary,front-baffle-v1,"frozen release source, input, deliverable, manifest, or verification",released material,no
selected-copy,primary-dirty@ea5539f3372e1bad5ad05eba85f4bd9a53e8c868,releases/enclosure_v1/front_baffle/verification/checksums.sha256,SHA-256 list,f1f9bfb3ced864cc40b9d63958e18a8c64ee4960ea499cf5bcbe322ca5046510,1608,untracked,releases/enclosure_v1/front_baffle/verification/checksums.sha256,immutable V1 release boundary,front-baffle-v1,"frozen release source, input, deliverable, manifest, or verification",released material,no
selected-copy,primary-dirty@ea5539f3372e1bad5ad05eba85f4bd9a53e8c868,releases/enclosure_v1/front_baffle/verification/geometry_diagnostics.json,JSON,a210e10936d298774edb672441d24ce732ff0432c43d7b5b0551be448690ea19,2590,untracked,releases/enclosure_v1/front_baffle/verification/geometry_diagnostics.json,immutable V1 release boundary,front-baffle-v1,"frozen release source, input, deliverable, manifest, or verification",released material,no
selected-copy,primary-dirty@ea5539f3372e1bad5ad05eba85f4bd9a53e8c868,releases/enclosure_v1/front_baffle/verification/rebuild_diagnostics.json,JSON,fc8bed038160d18b9104ed07b42caa10f059a171910fd4747b7a48e7a9892aef,1219,untracked,releases/enclosure_v1/front_baffle/verification/rebuild_diagnostics.json,immutable V1 release boundary,front-baffle-v1,"frozen release source, input, deliverable, manifest, or verification",released material,no
selected-base,origin/main@73b29e51434e4a139efcb09574f8dc1c94bd485f,src/features/horn.py,Python,0078a6c58f4cce4310b7d7f4e1c46043b67fb837ee0ef57874513af6789c94d8,30731,tracked,src/features/horn.py,pre-existing dependency required to import selected active lineage,final-jmlc-horn,transitive active enclosure import closure,authoritative Python,yes:horn/links/profile_geometry.py:0078a6c58f4cce4310b7d7f4e1c46043b67fb837ee0ef57874513af6789c94d8
selected-base,origin/main@73b29e51434e4a139efcb09574f8dc1c94bd485f,src/final_horn.py,Python,215f549cdaeed933abb0ac1b1f86def0839952b3b5dcb552ded620064c69f99a,1508,tracked,src/final_horn.py,source target named by canonical working set,final-jmlc-horn,canonical navigation/source dependency,authoritative Python,yes:horn/links/current_api.py:215f549cdaeed933abb0ac1b1f86def0839952b3b5dcb552ded620064c69f99a
selected-copy,primary-dirty@ea5539f3372e1bad5ad05eba85f4bd9a53e8c868,workbench/designs/deferred_integral_front_bottom_hatch/brief.md,Markdown,d9f18c6b1427a2babfa66f349af81dc04630e5e7847ef51f401611cbf46be182,961,untracked,workbench/designs/deferred_integral_front_bottom_hatch/brief.md,deferred-design record required for later resumption,supporting active-enclosure lineage,"deferred contract, brief, feedback, resume prompt, or source manifest",documentation,no
selected-copy,primary-dirty@ea5539f3372e1bad5ad05eba85f4bd9a53e8c868,workbench/designs/deferred_integral_front_bottom_hatch/contract.md,Markdown,4a71aa75bc92c7ef0e5025d7de0a0242283e8aee21247d15fda2b36a413fb9d6,4057,untracked,workbench/designs/deferred_integral_front_bottom_hatch/contract.md,deferred-design record required for later resumption,supporting active-enclosure lineage,"deferred contract, brief, feedback, resume prompt, or source manifest",documentation,no
selected-copy,primary-dirty@ea5539f3372e1bad5ad05eba85f4bd9a53e8c868,workbench/designs/deferred_integral_front_bottom_hatch/feedback.md,Markdown,33831fed5a6a68c19c082bfa53cdaef9ba855670ff5f2c96d266aa385c6ce716,1045,untracked,workbench/designs/deferred_integral_front_bottom_hatch/feedback.md,deferred-design record required for later resumption,supporting active-enclosure lineage,"deferred contract, brief, feedback, resume prompt, or source manifest",documentation,no
selected-copy,primary-dirty@ea5539f3372e1bad5ad05eba85f4bd9a53e8c868,workbench/designs/deferred_integral_front_bottom_hatch/resume_prompt.md,Markdown,1654a29bb1dc376ba77753ad5005037f9b115b0cd09bd5686f9155921e601f49,3568,untracked,workbench/designs/deferred_integral_front_bottom_hatch/resume_prompt.md,deferred-design record required for later resumption,supporting active-enclosure lineage,"deferred contract, brief, feedback, resume prompt, or source manifest",documentation,no
selected-copy,primary-dirty@ea5539f3372e1bad5ad05eba85f4bd9a53e8c868,workbench/designs/deferred_integral_front_bottom_hatch/source_manifest.md,Markdown,7558bee58746f715b39d386c85025f1b39af459c3c67354a017189e085ac3873,5081,untracked,workbench/designs/deferred_integral_front_bottom_hatch/source_manifest.md,deferred-design record required for later resumption,supporting active-enclosure lineage,"deferred contract, brief, feedback, resume prompt, or source manifest",documentation,no
selected-copy,primary-dirty@ea5539f3372e1bad5ad05eba85f4bd9a53e8c868,workbench/designs/deferred_port_tube_resonator/brief.md,Markdown,7d632270860a8b61484eb017ddc055b1bd8686dd2d6fe506d187a770d30eb78a,769,untracked,workbench/designs/deferred_port_tube_resonator/brief.md,deferred-design record required for later resumption,supporting active-enclosure lineage,"deferred contract, brief, feedback, resume prompt, or source manifest",documentation,no
selected-copy,primary-dirty@ea5539f3372e1bad5ad05eba85f4bd9a53e8c868,workbench/designs/deferred_port_tube_resonator/contract.md,Markdown,1b657187ed4c017133c2b69b46c64a8e38466464192b90193a698a32332091ea,3552,untracked,workbench/designs/deferred_port_tube_resonator/contract.md,deferred-design record required for later resumption,supporting active-enclosure lineage,"deferred contract, brief, feedback, resume prompt, or source manifest",documentation,no
selected-copy,primary-dirty@ea5539f3372e1bad5ad05eba85f4bd9a53e8c868,workbench/designs/deferred_port_tube_resonator/feedback.md,Markdown,fcc4b475d825e503268804c0c536b347ff79082beab7e0f471e24f2c6ad11a98,830,untracked,workbench/designs/deferred_port_tube_resonator/feedback.md,deferred-design record required for later resumption,supporting active-enclosure lineage,"deferred contract, brief, feedback, resume prompt, or source manifest",documentation,no
selected-copy,primary-dirty@ea5539f3372e1bad5ad05eba85f4bd9a53e8c868,workbench/designs/deferred_port_tube_resonator/resume_prompt.md,Markdown,647e590e70a05493f096b2d6247b23aaa963fc68cf4516e1a4fd8d2ff65cedd2,3788,untracked,workbench/designs/deferred_port_tube_resonator/resume_prompt.md,deferred-design record required for later resumption,supporting active-enclosure lineage,"deferred contract, brief, feedback, resume prompt, or source manifest",documentation,no
selected-copy,primary-dirty@ea5539f3372e1bad5ad05eba85f4bd9a53e8c868,workbench/designs/deferred_port_tube_resonator/source_manifest.md,Markdown,88f19795b4e3b9c7adb8618c7bc1b460c5bd8459f1e3e5af0aa09e5336c98e67,6853,untracked,workbench/designs/deferred_port_tube_resonator/source_manifest.md,deferred-design record required for later resumption,supporting active-enclosure lineage,"deferred contract, brief, feedback, resume prompt, or source manifest",documentation,no
selected-copy,primary-dirty@ea5539f3372e1bad5ad05eba85f4bd9a53e8c868,workbench/designs/enclosure_baffle_recovery/brief.md,Markdown,66ef45afe9b4b99f981602e7d2c40f207b9e289aacb3f8e72b4c3797808e8ef2,11189,untracked,workbench/designs/enclosure_baffle_recovery/brief.md,chronological enclosure/baffle recovery record,supporting active-enclosure lineage,diagnostic or provenance support for active removable-front lineage,documentation,no
selected-copy,primary-dirty@ea5539f3372e1bad5ad05eba85f4bd9a53e8c868,workbench/designs/enclosure_baffle_recovery/build_step_derived_clean_hunks_candidate.py,Python,5f55e0a1aade11d325631a92996d5425dc83855b1b9053068921290d45b286b8,10077,untracked,workbench/designs/enclosure_baffle_recovery/build_step_derived_clean_hunks_candidate.py,chronological enclosure/baffle recovery record,supporting active-enclosure lineage,diagnostic or provenance support for active removable-front lineage,authoritative Python,no
selected-copy,primary-dirty@ea5539f3372e1bad5ad05eba85f4bd9a53e8c868,workbench/designs/enclosure_baffle_recovery/capture_clean_corner_hunks_candidate.py,Python,75b8e306fb1b4ab1f1d5e35ba33e6aa9824044e4a1a52c018d530b6edd2eceb4,9748,untracked,workbench/designs/enclosure_baffle_recovery/capture_clean_corner_hunks_candidate.py,chronological enclosure/baffle recovery record,supporting active-enclosure lineage,diagnostic or provenance support for active removable-front lineage,authoritative Python,no
selected-copy,primary-dirty@ea5539f3372e1bad5ad05eba85f4bd9a53e8c868,workbench/designs/enclosure_baffle_recovery/capture_front_component_removed_candidate.py,Python,91073226217d3e9bc4bf18c7e081acbea245a51f97f2dd8f6909a57e876a461e,6951,untracked,workbench/designs/enclosure_baffle_recovery/capture_front_component_removed_candidate.py,chronological archival recovery record; non-runnable without an unowned disposable helper,supporting active-enclosure lineage,provenance only; dynamically imports /private/tmp/capture_deleted_face_plate_candidate.py and an ignored build STEP,documentation,no
selected-copy,primary-dirty@ea5539f3372e1bad5ad05eba85f4bd9a53e8c868,workbench/designs/enclosure_baffle_recovery/contract.md,Markdown,0e42dc290214d0b50f185558f2550eeb9dfb34a447366f7733519a53a5311d7b,5568,untracked,workbench/designs/enclosure_baffle_recovery/contract.md,chronological enclosure/baffle recovery record,supporting active-enclosure lineage,diagnostic or provenance support for active removable-front lineage,documentation,no
selected-copy,primary-dirty@ea5539f3372e1bad5ad05eba85f4bd9a53e8c868,workbench/designs/enclosure_baffle_recovery/feedback.md,Markdown,9e634b638ace97a353c901c44905385b36a3f4868cb0677ff126cb7b06d8f4f1,39288,untracked,workbench/designs/enclosure_baffle_recovery/feedback.md,chronological enclosure/baffle recovery record,supporting active-enclosure lineage,diagnostic or provenance support for active removable-front lineage,documentation,no
selected-copy,primary-dirty@ea5539f3372e1bad5ad05eba85f4bd9a53e8c868,workbench/designs/enclosure_baffle_recovery/isolate_removed_front_component.py,Python,a02190cd5bd9c4f1881cd41bb6fe5dc03c81312f91cd8766cd71b647eece9996,9663,untracked,workbench/designs/enclosure_baffle_recovery/isolate_removed_front_component.py,chronological enclosure/baffle recovery record,supporting active-enclosure lineage,diagnostic or provenance support for active removable-front lineage,authoritative Python,no
selected-copy,primary-dirty@ea5539f3372e1bad5ad05eba85f4bd9a53e8c868,workbench/designs/enclosure_baffle_recovery/probe_front_bulkhead.py,Python,3fb20a2681327e7806731a9bf8fbbb36def1bea8929f5f2a6788966af18d5e24,15340,untracked,workbench/designs/enclosure_baffle_recovery/probe_front_bulkhead.py,chronological enclosure/baffle recovery record,supporting active-enclosure lineage,diagnostic or provenance support for active removable-front lineage,authoritative Python,no
selected-copy,primary-dirty@ea5539f3372e1bad5ad05eba85f4bd9a53e8c868,workbench/designs/enclosure_baffle_recovery/trace_corner_hunk_reset_radius.py,Python,34db0ef0d7342ad0c7c77efbe03b7c027f09a5fc207b38a55f95854249d4c376,13614,untracked,workbench/designs/enclosure_baffle_recovery/trace_corner_hunk_reset_radius.py,chronological enclosure/baffle recovery record,supporting active-enclosure lineage,diagnostic or provenance support for active removable-front lineage,authoritative Python,no
selected-copy,primary-dirty@ea5539f3372e1bad5ad05eba85f4bd9a53e8c868,workbench/designs/enclosure_baffle_recovery/trace_selected_corner_residue.py,Python,47d65cb87d7626651a3474bfd72176a935c0b74d6f1f78f9b529adf39a81c3ed,11106,untracked,workbench/designs/enclosure_baffle_recovery/trace_selected_corner_residue.py,chronological enclosure/baffle recovery record,supporting active-enclosure lineage,diagnostic or provenance support for active removable-front lineage,authoritative Python,no
selected-base,origin/main@73b29e51434e4a139efcb09574f8dc1c94bd485f,scripts/create_bambu_oss_horn_mount_project.py,Python,63a4f280d33b8b94d1b1975584b78b29a30661fcdfaa09f81395b9dee3241b13,19917,tracked,scripts/create_bambu_oss_horn_mount_project.py,pre-existing runtime source required by the selected lightweight Bambu project helper,supporting active-enclosure lineage,transitive source closure through checkout-local scripts path,authoritative Python,no
selected-base,origin/main@73b29e51434e4a139efcb09574f8dc1c94bd485f,scripts/generate_static_ocp_viewer.py,Python,d892985a7a8984777150abf185461b7867278fa8b159d382d34342b6d5ecd966,6943,tracked,scripts/generate_static_ocp_viewer.py,pre-existing runtime source invoked by selected enclosure generators,supporting active-enclosure lineage,transitive subprocess source closure for review output,authoritative Python,no
